-- insert into employee
INSERT INTO employee (id_employee, empl_surname, empl_name, empl_patronymic, empl_role, salary, date_of_birth, date_of_start, phone_number, city, street, zip_code) VALUES
('E001', 'Петренко', 'Іван', 'Миколайович', 'cashier', 8500.0000, '1985-02-15', '2010-06-01', '0671234567', 'Київ', 'Хрещатик', '01001'),
('E002', 'Коваленко', 'Олена', 'Іванівна', 'manager', 15000.0000, '1980-11-20', '2008-03-10', '0672345678', 'Львів', 'Свободи', '79000'),
('E003', 'Шевченко', 'Микола', 'Петрович', 'cashier', 8000.0000, '1990-07-30', '2015-01-15', '0673456789', 'Одеса', 'Дерибасівська', '65000'),
('E004', 'Кравченко', 'Світлана', 'Вікторівна', 'manager', 16000.0000, '1978-05-05', '2007-09-01', '0674567890', 'Харків', 'Сумська', '61000'),
('E005', 'Мельник', 'Андрій', 'Олександрович', 'cashier', 8700.0000, '1987-12-12', '2012-11-20', '0675678901', 'Дніпро', 'Тверська', '49000');

-- insert into category
INSERT INTO category (category_number, category_name) VALUES
(1, 'Напої'),
(2, 'Продукти харчування'),
(3, 'Товари для дому');

-- insert into product
INSERT INTO product (id_product, category_number, product_name, producer, characteristics) VALUES
(101, 1, 'Кава розчинна', 'Торгова марка', 'Смачна, ароматна, 100г'),
(102, 1, 'Чай зелений', 'Торгова марка', 'Корисний, натуральний, 50г'),
(103, 2, 'Хліб пшеничний', 'Пекарня', 'Свіжий, 400г'),
(104, 2, 'Молоко 2.5%', 'Молочна ферма', 'Пастеризоване, 1л'),
(105, 2, 'Йогурт натуральний', 'Молочна ферма', 'Живі бактерії, 150г'),
(106, 3, 'Миючий засіб', 'Хімзавод', 'Для кухні, 500мл'),
(107, 3, 'Пральний порошок', 'Хімзавод', 'Для білих речей, 1кг'),
(108, 1, 'Вода мінеральна', 'Торгова марка', 'Газована, 0.5л'),
(109, 1, 'Сік апельсиновий', 'Торгова марка', 'Свіжовичавлений, 1л'),
(110, 2, 'Цукор білий', 'Торгова марка', 'Високої якості, 1кг');

-- insert into store_in_product
INSERT INTO store_in_product (UPC, UPC_prom, id_product, selling_price, product_number, promotional_product) VALUES
('000000000001', NULL, 101, 80.0000, 100, FALSE),
('000000000002', NULL, 102, 50.0000, 150, FALSE),
('000000000003', NULL, 103, 25.0000, 200, FALSE),
('000000000004', NULL, 104, 30.0000, 180, FALSE),
('000000000005', '000000000004', 105, 45.0000, 120, TRUE),
('000000000006', NULL, 106, 60.0000, 90, FALSE),
('000000000007', NULL, 107, 70.0000, 75, FALSE),
('000000000008', NULL, 108, 20.0000, 200, FALSE),
('000000000009', NULL, 109, 40.0000, 130, FALSE),
('000000000010', NULL, 110, 35.0000, 140, FALSE);

-- insert into customer_card
INSERT INTO customer_card (card_number, cust_surname, cust_name, cust_patronymic, phone_number, city, street, zip_code, percent) VALUES
('1234567890123', 'Іванов', 'Петро', 'Миколайович', '0671112233', 'Київ', 'Лесі Українки', '01033', 5),
('2345678901234', 'Коваль', 'Марія', 'Іванівна', '0672223344', 'Львів', 'Січових Стрільців', '79010', 10),
('3456789012345', 'Сидоренко', 'Олег', 'Петрович', '0673334455', 'Одеса', 'Пушкінська', '65011', 7),
('4567890123456', 'Ткаченко', 'Ірина', 'Вікторівна', '0674445566', 'Харків', 'Римарська', '61022', 3),
('5678901234567', 'Лисенко', 'Вікторія', 'Анатоліївна', '0675556677', 'Дніпро', 'Набережна', '49005', 15),
('6789012345678', 'Кравчук', 'Дмитро', 'Іванович', '0676667788', 'Запоріжжя', 'Бабушкіна', '69035', 8),
('7890123456789', 'Мороз', 'Наталя', 'Петрівна', '0677778899', 'Вінниця', 'Коцюбинського', '21001', 12),
('8901234567890', 'Савченко', 'Юрій', 'Олексійович', '0678889900', 'Житомир', 'Кармелюка', '10004', 6);

-- insert into checks
INSERT INTO checks (check_number, id_employee, card_number, print_date, sum_total, vat) VALUES
('CHK0001', 'E001', '1234567890123', '2025-05-15 10:00:00', 250.0000, 20.000),
('CHK0002', 'E002', '2345678901234', '2025-05-15 11:00:00', 180.0000, 15.000),
('CHK0003', 'E003', NULL, '2025-05-15 12:00:00', 300.0000, 25.000),
('CHK0004', 'E004', '3456789012345', '2025-05-15 13:00:00', 400.0000, 30.000),
('CHK0005', 'E005', NULL, '2025-05-15 14:00:00', 150.0000, 10.000);

-- insert into в sale
INSERT INTO sale (UPC, check_number, product_number, selling_price) VALUES
('000000000001', 'CHK0001', 2, 80.0000),
('000000000003', 'CHK0001', 1, 25.0000),
('000000000004', 'CHK0002', 3, 30.0000),
('000000000005', 'CHK0002', 2, 45.0000),
('000000000006', 'CHK0003', 1, 60.0000),
('000000000007', 'CHK0003', 1, 70.0000),
('000000000008', 'CHK0004', 4, 20.0000),
('000000000009', 'CHK0004', 3, 40.0000),
('000000000010', 'CHK0005', 2, 35.0000),
('000000000002', 'CHK0005', 1, 50.0000);
